Book ID,Book Name,Publication Year
1,Cut during certain region.,1885
2,Sense ever reality.,1834
3,People field PM our.,1862
4,Main debate born of.,1822
5,Report investment world.,1834
6,Better Mrs test avoid.,1715
7,Late wrong most personal.,1705
8,As million impact into.,1779
9,Moment capital picture ask.,1822
10,Drop party politics none.,1841
11,Even top key treat.,1714
12,Describe ball state bit.,1790
13,Some see film.,1801
14,Improve heart wrong.,1723
15,Effort heart here reveal.,1860
16,Tell cost sport minute.,1739
17,Shoulder often process in.,1802
18,Tell within service side.,1868
19,Support movement better book.,1807
20,Save behavior meet in now.,1826
21,Soon central loss.,1881
22,Away at hour from.,1764
23,Stock move special policy.,1783
24,This attorney key recognize.,1831
25,Thousand all need inside.,1803
26,Very most sell peace.,1849
27,While whatever represent.,1835
28,Story former better above.,1839
29,Garden six activity keep.,1790
30,Oil she personal.,1847
31,Natural already rather wall.,1839
32,Right call billion.,1807
33,Guy race could might.,1875
34,Idea address skin one face.,1780
35,Follow take anyone certain.,1712
36,Firm through great trip.,1737
37,East all of campaign green.,1864
38,Beyond character fill where.,1771
39,Him thus enough him.,1818
40,Process course cause history.,1794
41,They building forget.,1799
42,None research imagine still.,1714
43,Focus decision keep.,1810
44,Serve they hold show.,1743
45,State part team line race.,1801
46,Whatever loss marriage group.,1853
47,Piece soon follow fight.,1853
48,Outside trouble set.,1747
49,Set me decide program.,1770
50,Word go player people.,1729
51,Tree man laugh change scene.,1880
52,Kid never fast.,1781
53,Himself since value reason.,1730
54,Plan meeting interest seek.,1780
55,Almost happen memory.,1709
56,Energy nice fear it drug sea.,1729
57,Window stock receive ground.,1819
58,Move public speak investment.,1789
59,People three main.,1748
60,Role base under front.,1869
61,Blue newspaper must protect.,1762
62,Those trade seem talk game.,1838
63,Myself fire glass tell yet.,1865
64,Second return whole cell.,1819
65,Message several national.,1786
66,Daughter baby likely real.,1735
67,Agree be partner summer sea.,1779
68,They bill reason.,1795
69,Involve upon business.,1769
70,Structure gas sister cold.,1778
71,Theory project recently.,1716
72,Interest however order smile.,1733
73,Win design bill then.,1854
74,Human discussion standard.,1774
75,Find claim take six.,1871
76,Work hour a partner detail.,1793
77,Item rule later authority.,1704
78,By present big three.,1831
79,Catch read discussion sign.,1782
80,Remember cut himself artist.,1812
81,Agency similar media.,1831
82,Pressure accept member girl.,1744
83,Speak store fall fill.,1792
84,Body hear growth skin reveal.,1808
85,Way hospital happy only.,1802
86,Southern near clear crime.,1792
87,Effect town practice option.,1727
88,Anything upon who dog attack.,1795
89,Travel take support us.,1804
90,Yeah two idea music.,1834
91,Center certainly finish.,1838
92,Why right six might painting.,1794
93,Factor brother health try.,1738
94,Each beyond carry must.,1770
95,Upon cup art real most.,1835
96,Have guess oil this deep.,1776
97,Imagine true there again.,1802
98,Middle per experience.,1735
99,Fund difference white page.,1830
100,Each maybe method late.,1778
101,Television close right house.,1740
102,These off behind real.,1841
103,Picture west day reveal.,1794
104,Local know new manage.,1799
105,Other provide anything sort.,1795
106,Sort site view.,1794
107,Relate front finish Democrat.,1799
108,Hit charge tough.,1766
109,Set interest wish senior.,1810
110,Yes executive community year.,1765
111,Enough wrong expect nation.,1863
112,Card summer data group.,1895
113,Billion word once.,1877
114,Learn property page wish.,1799
115,Several wide field thank.,1842
116,Top health policy approach.,1857
117,Technology act why think go.,1786
118,Quite half million federal.,1724
119,Detail answer public parent.,1703
120,Machine space along every.,1764
121,Rock certainly again during.,1899
122,Offer necessary sport might.,1731
123,Including office then case.,1772
124,Crime agent wear address.,1837
125,Number ahead just.,1792
126,Off trip drive.,1837
127,Camera they eye lead her.,1827
128,Food politics writer pull.,1785
129,Also position really land.,1844
130,Later every school.,1704
131,Push case we thus.,1751
132,Week away former central.,1838
133,His or western way.,1750
134,Others color speech true.,1766
135,Face beat live like.,1798
136,Share plant rock poor street.,1873
137,Agency record act city.,1854
138,Century new high example.,1792
139,Drug area I machine safe end.,1743
140,Produce although hour serve.,1813
141,Term possible group book.,1810
142,Marriage middle relate.,1742
143,So remember end use.,1723
144,Candidate cup wrong war for.,1735
145,Agent mention energy outside.,1894
146,Which peace player support.,1755
147,Necessary method little.,1715
148,Reason soldier ball probably.,1895
149,Vote down anyone minute.,1751
150,Grow fly including.,1787
151,Soon happy out fine.,1845
152,Final long hot pass current.,1789
153,Million enjoy picture what.,1885
154,Including hotel try billion.,1706
155,Debate strong college tend.,1781
156,Company like drop job.,1717
157,Senior nor recent southern.,1734
158,Happen tonight item thousand.,1711
159,Field allow sound see.,1885
160,Realize speak quickly year.,1821
161,Network among somebody tough.,1793
162,Way decide court edge turn.,1733
163,Few hospital guess pay.,1704
164,Year if father.,1853
165,Million ago final.,1781
166,Truth kind suddenly fill.,1854
167,Piece down great politics.,1844
168,Yard response law true.,1899
169,Just put any play issue.,1875
170,Person able water.,1868
171,Suggest anyone road care.,1795
172,Of real candidate.,1711
173,Will door PM local.,1896
174,Our pattern truth consider.,1893
175,Position size share low.,1754
176,Thought shake shake.,1846
177,Player memory effort meeting.,1828
178,Then however wall paper.,1775
179,Be station ahead movement.,1791
180,Level reason attorney only.,1808
181,Pretty drop also eight think.,1765
182,Their way no begin.,1887
183,Customer citizen use poor.,1790
184,Alone discuss method.,1774
185,All factor power right.,1803
186,Bar key check white answer.,1816
187,Record them key star ask.,1723
188,Own spend conference.,1757
189,Travel difficult prove.,1718
190,Week away the.,1720
191,Focus make nature represent.,1708
192,Reason activity front beat.,1882
193,Drop hand statement program.,1793
194,Couple popular job job.,1898
195,Health especially gas stop.,1716
196,Through return Mr yet tough.,1856
197,Visit during suggest nothing.,1843
198,New factor skill management.,1843
199,How accept owner.,1737
200,On conference pass drug.,1818
201,Quite keep Congress anyone.,1701
202,Big professor say kind.,1859
203,Each friend success make.,1839
204,Level skill put time fly.,1865
205,Than military without.,1766
206,Total picture government.,1827
207,Father space office cultural.,1815
208,Street hear know.,1702
209,Must never couple.,1762
210,How top detail some.,1766
211,Mean especially low answer.,1807
212,Ago push career identify.,1841
213,Among street must.,1703
214,Better half have gas science.,1761
215,Natural lose health everyone.,1832
216,Line room before tough.,1831
217,Member some it.,1806
218,Big southern Mr its.,1865
219,Stop explain word debate.,1853
220,Career past open impact.,1881
221,Practice return at you.,1730
222,Step product child.,1799
223,Soldier effort beat.,1735
224,Eat low suffer nation.,1710
225,Hand trial apply cold.,1810
226,With history forget then sea.,1779
227,Owner summer leave others.,1872
228,Song pick draw miss possible.,1787
229,White school you record.,1847
230,Cell image major glass.,1881
231,Kid reality him find.,1827
232,Man crime as.,1822
233,Above staff rule.,1881
234,Attorney choose clear song.,1816
235,Book upon million machine.,1789
236,If conference almost admit.,1728
237,World material interesting.,1716
238,Three particular rock very.,1812
239,Official imagine data.,1713
240,Allow statement half church.,1835
241,Myself store allow less area.,1822
242,Look cause good a.,1766
243,Expect able finish race.,1760
244,Attack drop before wear.,1854
245,Pick someone message hear.,1832
246,Road cover bank institution.,1836
247,Radio movie forget among.,1891
248,Decade study page account.,1741
249,Popular stop today visit.,1896
250,Debate reason prove whether.,1753
251,Seat his suffer total.,1826
252,Response nor later sign in.,1865
253,Network sometimes feeling.,1834
254,Sort likely least.,1715
255,Push serve arm.,1708
256,On include couple huge.,1869
257,About key mention reason.,1772
258,Save important cost where.,1771
259,Seek read whose simple.,1825
260,Red toward why generation.,1738
261,Seven share player change.,1754
262,Me memory feel environmental.,1720
263,Or weight modern.,1840
264,With most our feeling serve.,1705
265,Like cold truth.,1769
266,Easy many what.,1707
267,Behavior it of pay.,1725
268,Summer allow beyond state.,1891
269,Place weight simple eight.,1777
270,Coach purpose also.,1726
271,Especially learn right fall.,1725
272,Involve game year.,1791
273,Air age him paper late.,1874
274,Last party after.,1892
275,Later fight general prepare.,1788
276,Or impact time.,1792
277,War usually clear simple.,1854
278,Measure quickly television.,1719
279,Street those believe.,1796
280,Recent thousand life foreign.,1881
281,When dark include these.,1716
282,Man matter laugh film live.,1754
283,Film thing worry once.,1833
284,Dinner not compare.,1761
285,Provide fact strong forget.,1735
286,And yourself chair call.,1862
287,Allow trip number well.,1859
288,Already daughter scene often.,1881
289,Another help close job room.,1783
290,Today long fill would.,1736
291,Surface heart third dog.,1807
292,Simple end whom.,1898
293,Wrong blood range factor.,1813
294,Week whom magazine region.,1814
295,Oil knowledge free moment.,1829
296,Amount hear foot tax.,1825
297,Hundred magazine owner get.,1726
298,Thing certain bank police.,1799
299,Time treat former indeed.,1739
300,Truth should light party.,1807
301,Even few rise.,1803
302,Front it president situation.,1852
303,Happy reflect room.,1707
304,Glass up trip tend not.,1748
305,Budget form research third.,1877
306,Require happy ever offer.,1755
307,Hundred dinner doctor east.,1873
308,Affect themselves foreign.,1865
309,Eye morning star.,1754
310,Position sell yet kitchen.,1749
311,Born certain economic spend.,1745
312,Market work almost upon.,1792
313,Special hard else.,1735
314,Stock can indicate back.,1875
315,General may able.,1832
316,Reason offer even view.,1824
317,Worker somebody wonder.,1818
318,They become region skin.,1852
319,Sing plant thought.,1763
320,Think response heart.,1727
321,Tend learn hour get seek.,1792
322,Who television little.,1889
323,Couple or our same prepare.,1889
324,Teach fall sort ok.,1799
325,Base here event economic.,1840
326,Issue sense party amount.,1812
327,Behavior skill painting.,1899
328,He chair almost.,1854
329,Push boy hour skin more.,1820
330,Across life then.,1720
331,Area because great shoulder.,1807
332,Meet spring record.,1773
333,Exactly choice foreign kid.,1820
334,Seem its actually.,1893
335,Work remember truth age.,1855
336,Hit city really mean.,1772
337,Hair this truth campaign.,1834
338,Yet admit decade community.,1784
339,Both back involve sit.,1860
340,These the outside during.,1736
341,Whose organization perform.,1775
342,Friend ago memory I indeed.,1771
343,Past whom shake.,1896
344,Group style establish.,1775
345,Modern window defense seven.,1881
346,Rate still approach top.,1879
347,Large sea wrong us woman ok.,1702
348,Mean participant detail.,1808
349,Coach keep likely.,1863
350,Stand after measure end.,1700
351,Skill race wall any.,1892
352,Fact this do.,1745
353,Under feel process war.,1800
354,Relationship cold fact free.,1867
355,Law friend business write.,1883
356,Education short reveal.,1818
357,Environment Mr page.,1895
358,Detail dream lawyer paper.,1755
359,Serious claim full follow.,1804
360,Such there however.,1824
361,Method degree choose.,1867
362,Require happy region.,1726
363,Adult third war.,1871
364,Experience room huge trade.,1720
365,Fine another side.,1786
366,Best huge above probably.,1778
367,Statement however still tend.,1821
368,For full cultural also ten.,1849
369,Support stage listen ahead.,1897
370,Beyond no lay.,1728
371,Would use no cold work star.,1844
372,Final and city where.,1844
373,Key country order our.,1741
374,Successful point most.,1711
375,Soon indicate perhaps leg.,1813
376,Concern worry agent today.,1760
377,Many management crime.,1814
378,Possible scene cut up right.,1793
379,They rest dream.,1838
380,Foreign beat animal face.,1702
381,Company coach rich writer.,1843
382,Information four so shake.,1850
383,Theory culture time same.,1707
384,Glass go base nor.,1726
385,Dog office them.,1751
386,Health human control.,1709
387,And enter seem firm.,1776
388,Woman program eight west.,1742
389,Clear stand those whatever.,1849
390,Not cell fine thing indeed.,1850
391,Specific much true.,1813
392,Growth score magazine.,1793
393,Partner room key office.,1713
394,Skill member often.,1784
395,Chair himself meeting artist.,1722
396,Up your win management.,1761
397,Onto word admit cover.,1885
398,Away however difficult he.,1742
399,Do model window feel.,1834
400,Have reason tend visit view.,1709
401,Point figure later would.,1876
402,Of drive exist.,1818
403,Animal game town us he.,1836
404,Tv wonder the already.,1878
405,Federal there something must.,1747
406,Tree affect must who market.,1740
407,It happen break study.,1747
408,Phone wear shake go sea.,1864
409,So return be former.,1776
410,Because attack when thank.,1783
411,May car paper media.,1758
412,Tonight majority parent.,1900
413,Young less kid.,1893
414,Individual provide south.,1709
415,Same provide hand reach.,1821
416,Least cover agent us.,1896
417,Sort easy activity citizen.,1863
418,Energy page new use.,1746
419,Able management point begin.,1864
420,Spring identify part her.,1773
421,Serve society identify do.,1751
422,Firm reflect ok stand.,1882
423,Field month focus close sure.,1788
424,Control member seven.,1764
425,Doctor particular gas.,1853
426,Movie upon from look.,1853
427,Southern despite information.,1718
428,Key we improve tough receive.,1714
429,Local situation tell full.,1719
430,Late issue join ground tend.,1756
431,Computer relate key.,1895
432,Present form affect.,1842
433,Compare approach peace rich.,1720
434,Development specific deal.,1892
435,Summer enough main different.,1825
436,Forward really lead possible.,1789
437,Bed we rate reality.,1887
438,Threat include across civil.,1757
439,Some firm hotel least.,1850
440,At remember Congress.,1703
441,Full race series young.,1885
442,Sign exist week both item.,1870
443,Smile operation out central.,1861
444,Pass cold kind try body.,1762
445,Husband whole ahead effort.,1735
446,Top majority hot then hit.,1708
447,Our reduce eight town.,1769
448,Forget year increase.,1855
449,Stuff deep really eye.,1746
450,Direction action space above.,1838
451,Finish bed life.,1825
452,Speak he idea public.,1852
453,Ability effect can director.,1846
454,Despite morning edge middle.,1787
455,Major simple growth.,1861
456,House per method.,1799
457,Enter throw eight use.,1712
458,Pattern include avoid.,1886
459,Opportunity move vote dark.,1783
460,Enjoy hour social quickly.,1752
461,For fish stop glass.,1776
462,Appear memory player region.,1876
463,Door behavior set.,1869
464,Year paper past real.,1708
465,Billion turn idea size make.,1831
466,Street make size official.,1785
467,Old interest plant character.,1871
468,Situation energy fire agent.,1838
469,Game tough face forget PM as.,1782
470,Eight mouth unit church.,1776
471,Bad account together.,1880
472,International street black.,1779
473,Enjoy newspaper serve wish.,1731
474,Soldier keep treat.,1845
475,So war be baby difficult.,1766
476,State clearly follow to.,1754
477,Effort story teacher kind.,1874
478,Run leg interview writer.,1823
479,Same ago business address.,1794
480,Message walk spend history.,1853
481,Enough maybe deep.,1736
482,Point hold baby apply.,1820
483,Painting fund policy.,1754
484,At and society ground next.,1896
485,Activity perhaps message.,1737
486,Such center institution bad.,1722
487,Fear world sister leader cut.,1751
488,Vote boy bag unit capital.,1734
489,Article bad every avoid red.,1750
490,Mission gas couple.,1852
491,Concern three decade drop.,1834
492,Garden board bit by.,1836
493,Save between I be office.,1890
494,North garden itself.,1800
495,Think pattern teacher start.,1786
496,War see first sense.,1741
497,Whether forward us control.,1778
498,Building so rich feel.,1857
499,Capital walk art man.,1828
500,Impact its cause record.,1809
501,Finally wall time.,1895
502,Leave than road easy.,1785
503,Sure sort reason least scene.,1817
504,Change simple choose water.,1702
505,Pm although budget pick.,1760
506,Including lot marriage land.,1794
507,Worker hold exactly play red.,1872
508,Would about small ago.,1815
509,Reality man fill bad.,1896
510,Daughter box point edge.,1862
511,Really best structure war.,1888
512,Instead plan century.,1871
513,Anyone work even general.,1781
514,Nor chance field beautiful.,1738
515,Act arrive none.,1865
516,Gas every goal into.,1866
517,Full course season mean.,1872
518,Protect run well my note do.,1839
519,Economic better citizen skin.,1832
520,Wear great play.,1840
521,Beat shake minute.,1738
522,Hard control imagine sea.,1890
523,Full television pick style.,1748
524,Hair fund firm fund.,1747
525,Power if may network may.,1804
526,On west animal.,1724
527,High teach be onto per.,1820
528,Push long statement mother.,1826
529,In send report.,1874
530,Scientist result power.,1740
531,Race structure tax.,1706
532,Stay by prepare go mission.,1837
533,May economic good newspaper.,1740
534,Him party plan actually law.,1799
535,Laugh trade name arrive.,1710
536,Walk check activity word.,1804
537,List true true.,1737
538,Wonder reduce pretty.,1759
539,Able natural area nor low.,1701
540,Own may space we.,1757
541,Reveal law what page deep.,1721
542,Education leg girl.,1837
543,Tax expert enough.,1772
544,Find what be black.,1767
545,Collection news gun cold.,1747
546,Large edge together.,1734
547,Fast city sound whether.,1857
548,West move great fast yet fly.,1874
549,Style enough party soon.,1733
550,Get much quality father.,1712
551,Letter front use.,1819
552,Money authority force behind.,1882
553,Perhaps son feel why stuff.,1885
554,Mouth by their thousand.,1832
555,Chair necessary vote kind.,1733
556,Get push else lot chance.,1766
557,Return structure focus claim.,1719
558,Other tax different anyone.,1759
559,Around recent market.,1702
560,Way whom world.,1727
561,Natural window former.,1829
562,Should beat become make.,1727
563,Enter they magazine.,1814
564,Produce new figure.,1754
565,Around pattern ahead.,1882
566,Buy player a table.,1772
567,In soldier team someone.,1840
568,Rate resource bill value.,1889
569,Rate what environment by gun.,1763
570,Quite law claim number.,1809
571,Any head media team.,1799
572,Leg develop bill.,1834
573,Early dog own bank.,1711
574,Land season PM much.,1715
575,Pretty first plan school few.,1786
576,Develop part low garden.,1780
577,Able receive land base.,1812
578,Rest example loss agreement.,1737
579,Power ahead ten serious risk.,1723
580,Exist somebody choice spend.,1778
581,Ago quite country exactly.,1774
582,Must move keep six dark.,1740
583,Brother social front lose.,1750
584,Hour night trip dream.,1704
585,Buy history series bit.,1855
586,Good right she father be.,1835
587,Business west write.,1715
588,Feel major goal reach once.,1805
589,Blue rate current.,1900
590,Offer approach loss whether.,1777
591,Child during official site.,1719
592,Stand course skill already.,1816
593,Guess laugh other letter.,1812
594,Science room become.,1824
595,Partner whether realize rise.,1759
596,Nor usually enter let score.,1725
597,Last school throughout.,1832
598,First rule performance beat.,1882
599,Option then enjoy with.,1882
600,Herself wife mouth face his.,1872
601,Allow senior late.,1765
602,Give base manager write.,1745
603,Buy from across power card.,1821
604,Image sing relationship.,1728
605,Past too be by.,1737
606,Physical situation set fill.,1818
607,South miss may prepare act.,1871
608,Much fish hard film his.,1733
609,Deal east ask west wall.,1885
610,Method force course region.,1795
611,Number everybody grow open.,1755
612,Usually no concern west.,1851
613,Glass sell mission.,1747
614,My those treatment.,1751
615,Perform participant tough.,1784
616,Yet seat various black into.,1863
617,Back know economy bank.,1723
618,Big prepare magazine might.,1792
619,Personal similar TV spend.,1869
620,Major hold ability else.,1820
621,Guess point stop.,1792
622,Pick several debate about.,1804
623,Song race good every police.,1747
624,End dream consider bed.,1852
625,Thing go piece.,1727
626,May up car take front lead.,1800
627,Move quite protect position.,1825
628,Great form here.,1878
629,Central threat article.,1774
630,Support work low high list.,1814
631,People sound time water.,1701
632,Physical face population.,1890
633,Idea serve staff.,1882
634,Clear but worker itself.,1884
635,Street too wear foreign left.,1876
636,It my report pull interest.,1874
637,Writer course rather know.,1749
638,Send democratic treatment.,1837
639,Way night all much ground.,1864
640,Operation involve such.,1771
641,Bed charge early movie.,1855
642,Congress parent enjoy blue.,1870
643,Community young letter.,1827
644,Grow thousand mention.,1790
645,Stage wide security.,1748
646,Board to worry audience.,1735
647,Indicate beyond end growth.,1733
648,Finally tell center long.,1812
649,Boy magazine pass commercial.,1797
650,Kid early eight pretty none.,1863
651,Agree doctor star campaign.,1720
652,Word development whether.,1756
653,Age support note stuff.,1706
654,Nice prepare why husband.,1799
655,Son born yet this very.,1702
656,Enough sure not beat ahead.,1705
657,Move material beyond sea.,1772
658,Sign exactly among.,1726
659,Ever soon reality.,1829
660,Paper seem chair part.,1884
661,Certainly worry generation.,1728
662,Series add democratic he yes.,1767
663,Magazine high just.,1770
664,Draw true live trade and.,1782
665,Both mind since water hotel.,1827
666,Back them seem billion.,1844
667,Serious second remain.,1801
668,Rock fire race month.,1705
669,Material or good bring style.,1737
670,To them understand.,1848
671,Perform name put often much.,1847
672,Affect small purpose bag red.,1789
673,Worry child even.,1783
674,Interest wish the cause.,1740
675,Smile leader their try.,1706
676,Stop dark across.,1713
677,Public job whatever act.,1837
678,Art way well.,1822
679,Whose camera take.,1783
680,Raise available amount role.,1862
681,Boy hotel center whatever.,1827
682,Policy over exactly.,1813
683,Such much big.,1822
684,Thing agency family.,1834
685,Best among month same.,1873
686,Full red the audience.,1762
687,Occur standard last spring.,1872
688,Between send there we.,1700
689,Matter red reality.,1789
690,Take they daughter break.,1716
691,Base wait owner close.,1814
692,Though professional remember.,1802
693,Board administration yes.,1757
694,Off language behavior.,1852
695,Instead meet leader in.,1715
696,Way unit sell common.,1809
697,Whole still woman receive.,1778
698,Agency in company adult vote.,1820
699,Better choice bag eye.,1801
700,Take young evening herself.,1777
701,Read industry how.,1828
702,Door stock center.,1717
703,Young gas beautiful success.,1844
704,Value market reason.,1838
705,Skill speech skill nice.,1742
706,Someone even bring when.,1807
707,Citizen paper Republican few.,1760
708,Message available yet thing.,1749
709,Cut five explain truth least.,1871
710,Blue hope too.,1781
711,Baby nice Republican.,1849
712,Where huge different than.,1827
713,Place here order yard be.,1858
714,Dog name bring particularly.,1800
715,Protect quality evening long.,1826
716,Have same wall other.,1899
717,Your you small.,1761
718,Son fear rich consumer.,1753
719,City coach lay brother.,1876
720,Person finally top choose.,1870
721,My green smile name debate.,1730
722,Lose he else ahead.,1828
723,Else cause carry news his in.,1831
724,Stop yeah close woman.,1749
725,Game participant our time.,1731
726,Describe such up beat minute.,1830
727,Think bank some blood.,1774
728,Thing material guy success.,1764
729,Notice fact ago off.,1837
730,Business statement window.,1751
731,Property else eat population.,1776
732,Always pay herself seek.,1755
733,Ever hope help others.,1897
734,Coach side mission.,1824
735,Wall future huge.,1757
736,West all morning treat.,1741
737,Listen pay alone month.,1802
738,Message seat admit seat.,1761
739,Get mission wall.,1766
740,Behavior force point.,1876
741,Admit at perform catch.,1883
742,Member body rise.,1791
743,Tax carry message argue.,1724
744,Ok toward arm follow.,1744
745,Last space step thousand.,1726
746,Kitchen true prevent.,1844
747,Into perhaps black it.,1805
748,Money can note member.,1709
749,Read professional clear upon.,1808
750,Mr create church lot focus.,1896
751,Kid you I again key who.,1710
752,Paper say show agency.,1761
753,Away Republican whose lose.,1824
754,Item modern test center.,1889
755,Base east news.,1841
756,Figure draw fly project.,1824
757,Hour yard school church.,1875
758,Any long speak might.,1721
759,Finish rule cell.,1806
760,Offer each play.,1713
761,Billion control baby.,1852
762,Add prove home professor.,1746
763,Type rise rock eye.,1860
764,Tree long begin listen.,1753
765,Turn sing music herself.,1832
766,Father paper PM.,1724
767,Wonder attack someone.,1873
768,Involve how second beyond.,1831
769,Most media turn food.,1835
770,Become about late heavy.,1779
771,Company create exactly.,1734
772,Continue tonight detail road.,1781
773,Ago purpose news wrong.,1871
774,Establish her play.,1769
775,Cut pick nor.,1836
776,Under yet sing serve.,1827
777,Wall physical property give.,1862
778,Discuss minute consumer.,1763
779,Party sign no idea prove may.,1898
780,Plant ten drug.,1850
781,Box near worry board.,1752
782,Class government idea say.,1805
783,Poor us security early baby.,1866
784,Leg upon stop know.,1723
785,Beat father husband mouth.,1889
786,Break reach degree.,1765
787,Leg Mr service quickly.,1894
788,Follow control shoulder also.,1721
789,Key stage produce special.,1731
790,Still whole close.,1899
791,Run support its than.,1785
792,Time suddenly way reason.,1745
793,Because movie single listen.,1757
794,Collection note film drop.,1895
795,Child none appear.,1710
796,Itself player two.,1872
797,Artist food also.,1833
798,Together across either.,1782
799,Much least former company.,1750
800,Suddenly source talk visit.,1701
801,Young set another employee.,1877
802,Any adult off focus.,1807
803,Protect month little memory.,1814
804,Fish stage early image not.,1808
805,Such rest attention quite.,1884
806,Energy style although.,1745
807,Development item performance.,1856
808,What charge might central.,1801
809,Than series thus artist.,1851
810,Strong week gas.,1886
811,Soldier performance others.,1737
812,Green lead it detail.,1751
813,Piece easy protect thought.,1735
814,During night draw dream wait.,1750
815,Buy improve month catch.,1867
816,How two other politics win.,1778
817,Wife start least so.,1816
818,Baby evening low air.,1704
819,Would away see.,1708
820,Air recent time.,1725
821,Goal here be politics.,1832
822,Key pretty say.,1833
823,Home us tax owner which.,1841
824,Daughter even become.,1766
825,Tough yard physical threat.,1765
826,Professional social travel.,1785
827,Everything over argue.,1845
828,Single run hear meet.,1705
829,Including act magazine win.,1858
830,Begin else half instead grow.,1861
831,Off card evidence often.,1897
832,Wide stock near there.,1720
833,Town unit bag.,1747
834,Over whom parent bit brother.,1823
835,Market assume forget gun.,1885
836,Sport building turn.,1843
837,Buy meet ok recognize.,1717
838,Wind open area already.,1834
839,Teacher suffer teach cell.,1738
840,Look because her sport.,1732
841,Ball doctor act.,1862
842,Price offer foot.,1786
843,Stop down wonder what card.,1717
844,Do help course produce.,1874
845,Draw tough there key hand.,1777
846,Degree teach agreement chair.,1801
847,Few small major.,1769
848,Little drug cultural end.,1874
849,Room others on able.,1748
850,Eat prove natural above.,1825
851,Recent say news.,1824
852,Perform finally right ask.,1877
853,Fish cut trial trip.,1844
854,Build there read occur.,1741
855,Site sure throughout minute.,1892
856,Place magazine action foot.,1713
857,Throw present case issue.,1749
858,Foot she respond more.,1814
859,Table describe another time.,1844
860,Wait teach kind themselves.,1852
861,For happy without pay.,1737
862,Begin safe door between.,1843
863,White peace include.,1848
864,Magazine police new heavy.,1777
865,Future can American hotel.,1862
866,Amount nothing bad.,1719
867,Might left campaign.,1845
868,Rock window piece skill.,1770
869,She then hear ago.,1709
870,Sell range doctor weight.,1881
871,Amount leader friend.,1741
872,Little race wear create.,1862
873,Effort what writer however.,1734
874,Suggest care career go.,1712
875,Part trial show.,1746
876,Happen a box live.,1748
877,Garden who speak fly.,1892
878,Agent right budget every.,1763
879,Task choose control.,1819
880,Than color hotel small.,1900
881,Watch laugh action popular.,1893
882,When executive safe hotel.,1701
883,Stuff table my skin outside.,1846
884,Against scene line radio.,1744
885,Away act adult southern.,1893
886,Event ten probably direction.,1798
887,Pick no about who name think.,1900
888,Radio too they front.,1844
889,Us let affect event.,1709
890,Miss few score continue.,1875
891,Dog hear light born.,1763
892,Wish eye no Mr.,1772
893,Great beat their standard.,1755
894,Prove like make three.,1751
895,Front can top first.,1708
896,Day on hour give.,1824
897,Decade cell defense local.,1731
898,Out part whether before.,1812
899,Skin ahead medical loss one.,1846
900,Wear nice fine.,1812
901,Action would few.,1783
902,Speech carry nature.,1819
903,These yet pick cold.,1747
904,Fact TV citizen bar.,1896
905,Toward way yet.,1784
906,Store middle section.,1733
907,Quality price rise table.,1882
908,Amount soldier skin indeed.,1897
909,Mean dinner civil itself.,1818
910,Woman without its whom.,1883
911,Group thing him.,1882
912,Truth economic its.,1841
913,Fund owner total like that.,1766
914,Above me able gas.,1761
915,Choose none court very wrong.,1795
916,Nearly another mission admit.,1726
917,Dream manage after or.,1886
918,Teacher especially until.,1829
919,Like difference little.,1752
920,Win court central gas.,1846
921,Follow husband former for.,1844
922,Item sense not able.,1765
923,White argue wear simply.,1829
924,Pass fine place.,1879
925,Create leader wide car.,1806
926,Look very own defense right.,1847
927,Seek owner laugh door five.,1883
928,Determine we main film.,1700
929,Fall own north fact.,1813
930,Organization human off miss.,1830
931,Action science star gun.,1771
932,By include cultural clear.,1776
933,Week friend little skin bag.,1731
934,Fire prove throw speak deal.,1875
935,Four consumer case outside.,1880
936,Small million him weight.,1760
937,Audience grow life industry.,1824
938,Near hard school time.,1770
939,Goal lead meet need safe.,1890
940,It fight business ago.,1787
941,Lay win pressure late attack.,1843
942,Rate anyone standard affect.,1713
943,Bank suddenly number believe.,1855
944,Recently oil clearly entire.,1708
945,Lay another commercial step.,1880
946,Recognize notice eat.,1767
947,Less beat court be this.,1724
948,Exactly early me simple.,1736
949,Family sure adult activity.,1799
950,Road fine argue.,1822
951,Model above window.,1894
952,Else two tree.,1888
953,Ago win court.,1863
954,Play fine back.,1734
955,Accept trip factor.,1782
956,Care either feel to.,1886
957,Against the me night catch.,1768
958,Big town few his low.,1882
959,Her item physical style sure.,1828
960,Figure stay power none.,1752
961,Blood artist direction price.,1767
962,Admit field about day.,1840
963,End chair program deep.,1861
964,Sure trouble toward if.,1900
965,Television film grow.,1872
966,Pull most use near if.,1787
967,List drive assume party.,1738
968,Positive spring theory.,1893
969,Beat charge give.,1706
970,Improve military relate the.,1862
971,Picture threat avoid letter.,1736
972,Bad me hear reduce.,1821
973,School technology turn.,1870
974,Usually system worry finally.,1782
975,Spend rise public short.,1747
976,Contain here with.,1768
977,Factor pattern structure.,1861
978,Actually heavy behind.,1739
979,Develop for still.,1863
980,Eat cultural meet guy health.,1722
981,Think couple brother real.,1888
982,According offer hard.,1846
983,Left painting blood once.,1732
984,On think three government.,1851
985,Sit production tell.,1749
986,Type bag yard inside summer.,1797
987,View lawyer new sit alone.,1743
988,Make speech book medical.,1900
989,Indicate ago strategy seven.,1749
990,We strategy even size hair.,1721
991,Apply man trip.,1777
992,Leader subject arrive away.,1813
993,Reach source team start.,1856
994,Report car born with.,1859
995,Back south article source.,1789
996,Daughter week southern.,1700
997,Simply teacher consumer.,1839
998,When know next on ball.,1705
999,Type yes travel performance.,1809
1000,Night control make look.,1717
